MS run name,scan number,precursor m/z,peak 1 n matches,peak 1 tallest m/z,peak 1 tallest intensity,peak 2 n matches,peak 2 tallest m/z,peak 2 tallest intensity,peak 3 n matches,peak 3 tallest m/z,peak 3 tallest intensity,Precursor Mass Delta,confidence,annotation,modification,usi
250402_mEclipse_QC_ncORF-089,2264,458.2232,1,685.3358,30513,1,784.4034,7326,1,1114.5203,1831,-398.1816,,,,
250402_mEclipse_QC_ncORF-089,2294,503.9181,1,685.3346,4469,1,784.4033,2981,1,1114.5175,4161,-306.7918,,,,
250402_mEclipse_QC_ncORF-089,2644,586.2576,1,685.3358,1246,1,784.4036,1158,1,1114.5149,1593,-142.1128,,,,
250402_mEclipse_QC_ncORF-089,3312,592.7313,1,685.3351,14105,1,784.4033,7842,1,1114.5154,2193,-129.1654,,,,
250402_mEclipse_QC_ncORF-089,3316,592.7845,1,685.334,20180,1,784.4022,9572,1,1114.5165,2331,-129.059,,,,
250402_mEclipse_QC_ncORF-089,2821,592.7918,1,685.3354,182481,1,784.4036,107034,1,1114.521,5865,-129.0444,,,,
250402_mEclipse_QC_ncORF-089,2748,593.2857,1,685.3359,6618053,1,784.4038,4038120,1,1114.5215,109916,-128.0566,,,,
250402_mEclipse_QC_ncORF-089,2950,593.2858,1,685.3353,177599,1,784.403,62001,1,1114.5205,1590,-128.0564,,,,
250402_mEclipse_QC_ncORF-089,2985,593.7776,1,685.3351,463475,1,784.4031,125814,1,1114.5109,1689,-127.0728,,,,
250402_mEclipse_QC_ncORF-089,3616,612.2745,1,685.3353,2939238,1,784.4031,1140726,1,1114.5157,4501,-90.079,,,,
250402_mEclipse_QC_ncORF-089,2701,620.752,1,685.3353,1393144,1,784.4033,702802,1,1114.5192,168828,-73.124,,,,
250402_mEclipse_QC_ncORF-089,2866,621.244,1,685.3353,67469,1,784.4033,82842,1,1114.5186,10640,-72.14,,,,
250402_mEclipse_QC_ncORF-089,2695,621.2514,1,685.3357,247467,1,784.4059,102004,1,1114.5194,28500,-72.1252,,,,
250402_mEclipse_QC_ncORF-089,3603,621.2781,1,685.3351,350975,1,784.403,144010,1,1114.5171,4168,-72.0718,,,,
250402_mEclipse_QC_ncORF-089,3984,621.2966,1,685.3364,11793,1,784.4037,4674,1,1114.5197,3888,-72.0348,,,,
250402_mEclipse_QC_ncORF-089,2848,621.7457,1,685.3352,139463,1,784.4028,135265,1,1114.5187,10318,-71.1366,,,,
250402_mEclipse_QC_ncORF-089,3449,621.7557,1,685.3356,9913,1,784.4034,6076,1,1114.5178,1656,-71.1166,,,,
250402_mEclipse_QC_ncORF-089,3127,621.7952,1,685.3355,31428,1,784.4034,13585,1,1114.5187,3162,-71.0376,,,,
250402_mEclipse_QC_ncORF-089,2703,621.7954,1,685.3361,2250846,1,784.4042,1006779,1,1114.5211,213511,-71.0372,high,one very tall peak; might be explained by water loss,Gln->Gly,mzspec:PXD999005:250402_mEclipse_QC_ncORF-089:scan:2703:AQ[Gln->Gly]DSQVLEEER[Label:13C(6)15N(4)]/2
250402_mEclipse_QC_ncORF-089,2907,621.7957,1,685.3353,77159,1,784.4031,44612,1,1114.5186,7095,-71.0366,,one very tall peak; might be explained by water loss,Gln->Gly,mzspec:PXD999005:250402_mEclipse_QC_ncORF-089:scan:2907:AQ[Gln->Gly]DSQVLEEER[Label:13C(6)15N(4)]/2
250402_mEclipse_QC_ncORF-089,3213,621.8188,1,685.3348,16427,1,784.4029,8879,1,1114.5175,4136,-70.9904,,,,
250402_mEclipse_QC_ncORF-089,2817,622.2894,1,685.3353,471152,1,784.4032,226440,1,1114.5186,20046,-70.0492,,,?,
250402_mEclipse_QC_ncORF-089,3046,627.7955,1,685.3355,69157,1,784.403,35457,1,1114.519,1246,-59.037,,,,
250402_mEclipse_QC_ncORF-089,3035,628.2915,1,685.3354,32907,1,784.4032,18669,1,1114.5186,2323,-58.045,,,,
250402_mEclipse_QC_ncORF-089,2635,628.3101,1,685.3354,13676,1,784.4032,12771,1,1114.5188,2204,-58.0078,,,,
250402_mEclipse_QC_ncORF-089,2898,628.3112,1,685.3358,10427,1,784.4029,3370,1,1114.5129,1826,-58.0056,,,,
250402_mEclipse_QC_ncORF-089,2833,628.8038,1,685.3354,158307,1,784.403,38121,1,1114.5173,12043,-57.0204,high,,Gln->Ala,mzspec:PXD999005:250402_mEclipse_QC_ncORF-089:scan:2833:AQDSQ[Gln->Ala]VLEEER[Label:13C(6)15N(4)]/2
250402_mEclipse_QC_ncORF-089,4146,630.7768,1,685.3354,24637,1,784.403,13019,1,1114.5188,5600,-53.0744,,,,
250402_mEclipse_QC_ncORF-089,3282,633.8127,1,685.3354,66977,1,784.4031,33914,1,1114.5203,3099,-47.0026,,,,
250402_mEclipse_QC_ncORF-089,3496,635.2936,1,685.3358,178537,1,784.4036,122582,1,1114.5193,3875,-44.0408,,,,
250402_mEclipse_QC_ncORF-089,3485,635.7925,1,685.3351,228060,1,784.403,165697,1,1114.5193,3417,-43.043,,,,
250402_mEclipse_QC_ncORF-089,4548,641.3134,1,685.3362,2491,1,784.4056,1257,1,1114.5206,22262,-32.0012,,,not Gln->Pro and deamidation ,
250402_mEclipse_QC_ncORF-089,3796,641.808,1,685.3348,3476,1,784.4039,1403,1,1114.5172,1314,-31.012,,,,
250402_mEclipse_QC_ncORF-089,3010,641.8098,1,685.3353,17904,1,784.403,15287,1,1114.5187,12805,-31.0084,,many b ions not shown,Gln->Pro,mzspec:PXD999005:250402_mEclipse_QC_ncORF-089:scan:3010:AQ[Gln->Pro]DSQVLEEER[Label:13C(6)15N(4)]/2
250402_mEclipse_QC_ncORF-089,2997,641.8281,1,685.3367,11513,1,784.4047,10759,1,1114.5197,8087,-30.9718,,,,
250402_mEclipse_QC_ncORF-089,3718,642.3084,1,685.3356,1664,1,784.4019,3096,1,1114.519,1893,-30.0112,,,,
250402_mEclipse_QC_ncORF-089,3576,642.8,1,685.3354,446801,1,784.4033,339157,1,1114.5186,406113,-29.028,,possible sidechain loss on glutamine,?,
250402_mEclipse_QC_ncORF-089,2773,648.3077,1,685.3355,221620,1,784.4033,148368,1,1114.5178,2875,-18.0126,,,,
250402_mEclipse_QC_ncORF-089,2963,648.8024,1,685.3354,83482,1,784.4034,56372,1,1114.5182,1480,-17.0232,,,,
250402_mEclipse_QC_ncORF-089,2981,649.3052,1,685.3348,17198,1,784.4026,13256,1,1114.5219,1151,-16.0176,,,,
250402_mEclipse_QC_ncORF-089,3818,649.3331,1,685.3353,4833,1,784.4039,2289,1,1114.5208,924,-15.9618,,,,
250402_mEclipse_QC_ncORF-089,3462,649.826,1,685.3362,7422,1,784.4044,4932,1,1114.5194,1287,-14.976,,,,
250402_mEclipse_QC_ncORF-089,3702,649.826,1,685.3354,45112,1,784.4033,22264,1,1114.5189,10528,-14.976,,tall unexplained peak,Gln -> Xle,mzspec:PXD999005:250402_mEclipse_QC_ncORF-089:scan:3702:AQ[Gln->Xle]DSQVLEEER[Label:13C(6)15N(4)]/2
250402_mEclipse_QC_ncORF-089,2727,650.2555,1,685.3355,12489,1,784.403,79212,1,1114.5173,1124,-14.117,,,,
250402_mEclipse_QC_ncORF-089,3672,650.3049,1,685.3357,15752,1,784.4033,12804,1,1114.5189,45740,-14.0182,questionable ,missing some things,Ala->Gly,mzspec:PXD999005:250402_mEclipse_QC_ncORF-089:scan:3672:A[Ala->Gly]QDSQVLEEER[Label:13C(6)15N(4)]/2
250402_mEclipse_QC_ncORF-089,3627,651.2312,1,685.336,2264,1,784.4028,4137,1,1114.5172,1819,-12.1656,,,,
250402_mEclipse_QC_ncORF-089,3587,651.3129,1,685.3353,23188,1,784.4031,16087,1,1114.5182,19214,-12.0022,,loss of carbon,,
250402_mEclipse_QC_ncORF-089,3044,652.5613,1,685.3354,26354,1,784.4026,6197,1,1114.5192,3418,-9.5054,,,,
250402_mEclipse_QC_ncORF-089,3025,652.8121,1,685.336,57021,1,784.4043,13717,1,1114.5182,5758,-9.0038,,,,
250402_mEclipse_QC_ncORF-089,2678,656.2748,1,685.3356,33368,1,784.4033,28806,1,1114.5184,44516,-2.0784,,,,
250402_mEclipse_QC_ncORF-089,4661,656.305,1,685.3354,50797,1,784.4033,44001,1,1114.5187,104425,-2.018,,,,
250402_mEclipse_QC_ncORF-089,2634,656.3054,1,685.3358,35527,1,784.4037,35073,1,1114.5183,56188,-2.0172,,,,
250402_mEclipse_QC_ncORF-089,3164,656.3058,1,685.336,6451,1,784.404,5820,1,1114.5188,6112,-2.0164,,,,
250402_mEclipse_QC_ncORF-089,4915,656.3062,1,685.3359,44234,1,784.4035,32874,1,1114.5189,85300,-2.0156,,,,
250402_mEclipse_QC_ncORF-089,3490,656.3068,1,685.3343,1738,1,784.4032,2208,1,1114.52,3266,-2.0144,,,,
250402_mEclipse_QC_ncORF-089,4032,656.3071,1,685.3358,95600,1,784.4034,74198,1,1114.519,180171,-2.0138,,,,
250402_mEclipse_QC_ncORF-089,2905,656.3076,1,685.3356,48961,1,784.4036,41606,1,1114.5188,48550,-2.0128,,,,
250402_mEclipse_QC_ncORF-089,2319,656.7397,1,685.3362,13199,1,784.4061,1809,1,1114.5192,3010,-1.1486,,,,
250402_mEclipse_QC_ncORF-089,2534,656.8096,1,685.335,1586,1,784.4019,1178,1,1114.4867,1367,-1.0088,,,,
250402_mEclipse_QC_ncORF-089,4274,656.811,1,685.3356,95498,1,784.4036,74124,1,1114.5187,203791,-1.006,,,,
250402_mEclipse_QC_ncORF-089,4468,656.8114,1,685.3354,64978,1,784.4031,51243,1,1114.5186,120824,-1.0052,,,,
250402_mEclipse_QC_ncORF-089,5353,656.812,1,685.3356,29037,1,784.4034,24473,1,1114.5188,63333,-1.004,,,,
250402_mEclipse_QC_ncORF-089,4800,656.8121,1,685.3352,48346,1,784.4031,37714,1,1114.5182,94065,-1.0038,,,,
250402_mEclipse_QC_ncORF-089,5046,656.8121,1,685.335,36230,1,784.4028,28806,1,1114.5178,77383,-1.0038,,,,
250402_mEclipse_QC_ncORF-089,3912,656.8122,1,685.3355,110463,1,784.4032,83561,1,1114.5183,214673,-1.0036,,,,
250402_mEclipse_QC_ncORF-089,4102,656.8123,1,685.3356,83769,1,784.4032,67348,1,1114.5187,164037,-1.0034,,,,
250402_mEclipse_QC_ncORF-089,3233,656.8126,1,685.3351,329003,1,784.4028,239019,1,1114.5178,625749,-1.0028,,,,
250402_mEclipse_QC_ncORF-089,3634,656.8126,1,685.3358,157559,1,784.4037,125279,1,1114.519,294403,-1.0028,,,,
250402_mEclipse_QC_ncORF-089,4639,656.8127,1,685.3356,52330,1,784.4038,43219,1,1114.5188,118323,-1.0026,,,,
250402_mEclipse_QC_ncORF-089,2216,656.8129,1,685.3353,37739,1,784.4032,21212,1,1114.5182,49019,-1.0022,,,,
250402_mEclipse_QC_ncORF-089,2884,656.8133,1,685.3358,4012541,1,784.4038,3118137,1,1114.5182,7780339,-1.0014,,isotope,,
250402_mEclipse_QC_ncORF-089,4183,657.2469,1,685.3355,103078,1,784.4036,82462,1,1114.5187,175536,-0.1342,,,,
250402_mEclipse_QC_ncORF-089,3412,657.2802,1,685.3356,288482,1,784.4037,214885,1,1114.5188,475352,-0.0676,,,,
250402_mEclipse_QC_ncORF-089,2154,657.2948,1,685.2994,2698,1,784.3665,2927,1,1114.4817,8728,-0.0384,,,,
250402_mEclipse_QC_ncORF-089,3750,657.3118,1,685.3357,230109,1,784.4036,167497,1,1114.5192,277968,-0.0044,,,,
250402_mEclipse_QC_ncORF-089,4637,657.3123,1,685.3358,75376,1,784.4036,52864,1,1114.5189,131185,-0.0034,,,,
250402_mEclipse_QC_ncORF-089,5715,657.3124,1,685.3356,36104,1,784.4031,26095,1,1114.5188,55137,-0.0032,,,,
250402_mEclipse_QC_ncORF-089,5883,657.3124,1,685.3357,31161,1,784.4042,22050,1,1114.5193,52063,-0.0032,,,,
250402_mEclipse_QC_ncORF-089,6098,657.3124,1,685.3355,34072,1,784.4033,27079,1,1114.5182,59856,-0.0032,,,,
250402_mEclipse_QC_ncORF-089,3528,657.3125,1,685.3356,236870,1,784.4036,183045,1,1114.5188,399469,-0.003,,,,
250402_mEclipse_QC_ncORF-089,5554,657.3126,1,685.3353,35283,1,784.403,28601,1,1114.5186,64825,-0.0028,,,,
250402_mEclipse_QC_ncORF-089,2181,657.3127,1,685.3354,79071,1,784.403,44617,1,1114.5183,101569,-0.0026,,,,
250402_mEclipse_QC_ncORF-089,5252,657.3127,1,685.3354,44043,1,784.4034,37869,1,1114.5188,74542,-0.0026,,,,
250402_mEclipse_QC_ncORF-089,5099,657.3128,1,685.3351,49554,1,784.4031,39437,1,1114.5183,79143,-0.0024,,,,
250402_mEclipse_QC_ncORF-089,5401,657.3128,1,685.3354,41714,1,784.403,31204,1,1114.5187,71887,-0.0024,,,,
250402_mEclipse_QC_ncORF-089,4310,657.3129,1,685.3356,237609,1,784.4035,168313,1,1114.5187,389405,-0.0022,,,,
250402_mEclipse_QC_ncORF-089,4135,657.313,1,685.3356,120725,1,784.4033,87070,1,1114.5187,191592,-0.002,,,,
250402_mEclipse_QC_ncORF-089,4477,657.313,1,685.3357,95807,1,784.4037,64412,1,1114.5192,143034,-0.002,,,,
250402_mEclipse_QC_ncORF-089,4945,657.313,1,685.3353,57789,1,784.4031,45011,1,1114.5188,96846,-0.002,,,,
250402_mEclipse_QC_ncORF-089,3954,657.3131,1,685.3357,142312,1,784.4037,111377,1,1114.5193,249633,-0.0018,,,,
250402_mEclipse_QC_ncORF-089,2649,657.3132,1,685.3358,311909,1,784.4037,234764,1,1114.519,513217,-0.0016,,,,
250402_mEclipse_QC_ncORF-089,2859,657.3137,1,685.3354,6207782,1,784.4032,4731968,1,1114.5178,9338676,-0.0006,,,,
250402_mEclipse_QC_ncORF-089,4793,657.3138,1,685.3356,63393,1,784.4036,51491,1,1114.519,106607,-0.0004,,,,
250402_mEclipse_QC_ncORF-089,3077,657.3141,1,685.3354,687622,1,784.4031,484772,1,1114.5178,1055195,0.0002,,,,
250402_mEclipse_QC_ncORF-089,3294,657.3144,1,685.3352,368298,1,784.403,260947,1,1114.5181,584049,0.0008,,,,
250402_mEclipse_QC_ncORF-089,2292,657.8064,1,685.3349,10406,1,784.4029,8775,1,1114.5172,4306,0.9848,,,,
250402_mEclipse_QC_ncORF-089,2880,657.8081,1,685.3355,17104770,1,784.4031,12419993,1,1114.5186,8894057,0.9882,high,probably blended--deamidation in two different places,Deamidation ,mzspec:PXD999005:250402_mEclipse_QC_ncORF-089:scan:2880:AQ[deamidation]DSQVLEEER[Label:13C(6)15N(4)]/2
250402_mEclipse_QC_ncORF-089,5110,658.3687,1,685.3349,7307,1,784.4024,5209,1,1114.5189,4295,2.1094,,,,
250402_mEclipse_QC_ncORF-089,3410,658.7401,1,685.3358,30116,1,784.4039,18247,1,1114.519,8011,2.8522,,,,
250402_mEclipse_QC_ncORF-089,2915,663.3139,1,685.3354,129299,1,784.4031,84681,1,1114.5188,69547,11.9998,high,,thiazolidine,mzspec:PXD999005:250402_mEclipse_QC_ncORF-089:scan:2915:[Thiazolidine]-AQDSQVLEEER[Label:13C(6)15N(4)]/2
250402_mEclipse_QC_ncORF-089,2969,663.8102,1,685.3356,22910,1,784.4034,14843,1,1114.5208,3528,12.9924,,,,
250402_mEclipse_QC_ncORF-089,3002,663.8219,1,685.3358,149011,1,784.4036,114432,1,1114.5188,3798,13.0158,,,,
250402_mEclipse_QC_ncORF-089,3408,664.2711,1,685.3348,3262,1,784.4052,1828,1,1114.519,1057,13.9142,,,,
250402_mEclipse_QC_ncORF-089,2896,664.3019,1,685.3355,45284,1,784.4033,29259,1,1114.5186,5111,13.9758,,,,
250402_mEclipse_QC_ncORF-089,3149,664.3019,1,685.3362,14310,1,784.4041,7673,1,1114.5194,3104,13.9758,,,,
250402_mEclipse_QC_ncORF-089,3043,664.3216,1,685.3359,213925,1,784.4037,5673,1,1114.5184,1874,14.0152,,,,
250402_mEclipse_QC_ncORF-089,2820,664.323,1,685.3356,283591,1,784.4034,190095,1,1114.5187,469411,14.018,high,"Eric: after studying the spectrum more, I think it is a combination of methyl and carbonyl but mostly methyl: mzspec:PXD999005:250402_mEclipse_QC_ncORF-089:scan:2820:[Methyl]-AQDSQVLEEER[Label:13C(6)15N(4)]/2+AQDSQVLEE[Carbonyl]ER[Label:13C(6)15N(4)]/2",methyl,mzspec:PXD999005:250402_mEclipse_QC_ncORF-089:scan:2820:[methyl]-AQDSQVLEEER[Label:13C(6)15N(4)]/2
250402_mEclipse_QC_ncORF-089,3507,665.3094,1,685.3367,3030,1,784.4036,1699,1,1114.5201,2639,15.9908,,,,
250402_mEclipse_QC_ncORF-089,2836,665.3101,1,685.3357,95062,1,784.4035,54895,1,1114.5186,21890,15.9922,high,Eric: Pretty well explained by mostly labile hydroxyglutamic acid,oxidation,mzspec:PXD999005:250402_mEclipse_QC_ncORF-089:scan:2836:AQDSQVLEEE{Oxidation}R[Label:13C(6)15N(4)]/2
250402_mEclipse_QC_ncORF-089,3030,665.322,1,685.3359,11466,2,784.4036,7463,1,1114.5159,2332,16.016,,,,
250402_mEclipse_QC_ncORF-089,4078,666.7883,1,685.3351,9803,1,784.402,7004,1,1114.5193,1463,18.9486,,,,
250402_mEclipse_QC_ncORF-089,2811,668.3037,1,685.3353,56878,1,784.403,28856,1,1114.5219,986,21.9794,,,,
250402_mEclipse_QC_ncORF-089,2875,668.7957,1,685.3353,112287,1,784.4032,66682,1,1114.5173,3204,22.9634,,,,
250402_mEclipse_QC_ncORF-089,2854,668.8067,1,685.3348,30124,1,784.4027,15665,1,1114.5178,4021,22.9854,,,,
250402_mEclipse_QC_ncORF-089,2865,669.2954,1,685.3355,59519,1,784.4034,31174,1,1114.5193,6599,23.9628,,,,
250402_mEclipse_QC_ncORF-089,3179,669.7964,1,685.3358,5236,1,784.4028,1712,1,1114.5186,2141,24.9648,,,,
250402_mEclipse_QC_ncORF-089,2887,669.8312,1,685.3356,105918,1,784.4036,51398,1,1114.5192,16248,25.0344,,cant find unimod with similar mass; could be acetald + amidation,,mzspec:PXD999005:250402_mEclipse_QC_ncORF-089:scan:2887:[Delta:H(2)C(2)]-AQ[amidation]DSQVLEEER[Label:13C(6)15N(4)]/2
250402_mEclipse_QC_ncORF-089,3659,669.8369,1,685.3358,9451,1,784.4032,8189,1,1114.5142,1363,25.0458,,,,
250402_mEclipse_QC_ncORF-089,3671,670.3018,1,685.3352,68978,1,784.4028,40889,1,1114.5173,1723,25.9756,,,,
250402_mEclipse_QC_ncORF-089,3013,670.3215,1,685.3358,85250,1,784.4037,57793,1,1114.5194,110875,26.015,high,lots of unexplained peaks but all b ions and y ions are present. might be in many different places,Acetald+26,mzspec:PXD999005:250402_mEclipse_QC_ncORF-089:scan:3013:[Delta:H(2)C(2)]-AQDSQVLEEER[Label:13C(6)15N(4)]/2
250402_mEclipse_QC_ncORF-089,2799,670.3226,1,685.3356,134649,1,784.4033,56174,1,1114.5177,2388,26.0172,,,,
250402_mEclipse_QC_ncORF-089,2929,670.3343,1,685.3357,45586,1,784.4036,27645,1,1114.5186,47823,26.0406,high,Eric: Highly likely a partially labeile ethylamino mod on E,ethylamino on E,mzspec:PXD999005:250402_mEclipse_QC_ncORF-089:scan:2929:AQDSQVLEEE[ethylamino]R[Label:13C(6)15N(4)]/2
250402_mEclipse_QC_ncORF-089,3201,670.8142,1,685.3357,12142,1,784.4028,6188,1,1114.5205,1585,27.0004,,,,
250402_mEclipse_QC_ncORF-089,3260,670.8286,1,685.3358,75684,1,784.4036,62237,1,1114.5184,2678,27.0292,,,,
250402_mEclipse_QC_ncORF-089,2869,670.837,1,685.3351,45165,1,784.4028,22683,1,1114.5171,11991,27.046,questionable ,,not thr->lys,
250402_mEclipse_QC_ncORF-089,3586,671.2585,1,685.3351,13393,1,784.4027,19838,1,1114.517,2259,27.889,,,,
250402_mEclipse_QC_ncORF-089,3601,671.3104,1,685.3354,155327,1,784.4034,107230,1,1114.5186,52919,27.9928,high,,formyl,mzspec:PXD999005:250402_mEclipse_QC_ncORF-089:scan:3601:[formyl]-AQDSQVLEEER[Label:13C(6)15N(4)]/2
250402_mEclipse_QC_ncORF-089,2948,671.3116,1,685.3354,78585,1,784.4033,44721,1,1114.5181,13335,27.9952,questionable ,big mass difference; tall unexplained peak,formyl ,mzspec:PXD999005:250402_mEclipse_QC_ncORF-089:scan:2948:[formyl]-AQDSQVLEEER[Label:13C(6)15N(4)]/2
250402_mEclipse_QC_ncORF-089,3663,671.8022,1,685.3355,29712,1,784.4036,24537,1,1114.5199,20453,28.9764,high,missing b7-10 ions,formyl + deamidation,mzspec:PXD999005:250402_mEclipse_QC_ncORF-089:scan:3663:[formyl]-AQ[deamidation]DSQVLEEER[Label:13C(6)15N(4)]/2
250402_mEclipse_QC_ncORF-089,2927,672.3001,1,685.3357,22988,1,784.4037,10677,1,1114.5188,9123,29.9722,,,,
250402_mEclipse_QC_ncORF-089,3066,672.8056,1,685.3352,6466,1,784.4032,5353,1,1114.5187,2784,30.9832,,,,
250402_mEclipse_QC_ncORF-089,3369,672.8058,1,685.3356,5976,1,784.4037,2741,1,1114.5184,1581,30.9836,,,,
250402_mEclipse_QC_ncORF-089,2406,672.8078,1,685.3,2734,1,784.3665,3121,1,1114.4825,9510,30.9876,,,,
250402_mEclipse_QC_ncORF-089,2800,672.8219,1,685.3355,142886,1,784.4034,82748,1,1114.5189,62366,31.0158,questionable ,possibly amidated,not pro->gln,
250402_mEclipse_QC_ncORF-089,3037,673.3079,1,685.335,8808,1,784.4037,6716,1,1114.5181,4441,31.9878,,,,
250402_mEclipse_QC_ncORF-089,3288,673.3083,1,685.3363,2418,1,784.4033,1515,1,1114.517,1209,31.9886,,,,
250402_mEclipse_QC_ncORF-089,2822,673.3087,1,685.3354,70897,1,784.4034,45108,1,1114.5192,29973,31.9894,questionable ,,not dioxidation,
250402_mEclipse_QC_ncORF-089,2818,673.8102,1,685.3356,78150,1,784.4037,50252,1,1114.519,34265,32.9924,questionable ,,no,
250402_mEclipse_QC_ncORF-089,4419,677.3284,1,685.3369,1106,1,784.4037,1206,1,1114.5184,62917,40.0288,,,maybe propionaldehyde +40 but very unlikely,
250402_mEclipse_QC_ncORF-089,2954,678.3176,1,685.3361,4277,1,784.405,2263,1,1114.5201,2986,42.0072,,,,
250402_mEclipse_QC_ncORF-089,3710,678.3206,1,685.3359,14519,1,784.4041,10696,1,1114.5197,7558,42.0132,,,,
250402_mEclipse_QC_ncORF-089,2918,678.8215,1,685.3351,10902,1,784.4021,7398,1,1114.5181,21100,43.015,questionable ,lots of unexplained peaks,it is not carbamyl or 609 Xle-> arg,
250402_mEclipse_QC_ncORF-089,2841,679.2705,1,685.3345,10824,1,784.4024,7827,1,1114.5154,2736,43.913,,,,
250402_mEclipse_QC_ncORF-089,2912,679.3264,1,685.3358,23045,1,784.4035,15299,1,1114.5194,29701,44.0248,,,,
250402_mEclipse_QC_ncORF-089,2931,679.8277,1,685.3358,9101,1,784.4028,5341,1,1114.5194,7228,45.0274,,,,
250402_mEclipse_QC_ncORF-089,2978,680.2999,1,685.3356,5972,1,784.4044,2931,1,1114.5176,1718,45.9718,,,,
250402_mEclipse_QC_ncORF-089,2815,681.7708,1,685.3353,23976,1,784.4026,34227,1,1114.5189,2396,48.9136,,,,
250402_mEclipse_QC_ncORF-089,3746,684.337,3,685.3354,44413,1,784.4028,24691,1,1114.5175,52952,54.046,questionable ,,it is not mda54,
250402_mEclipse_QC_ncORF-089,3690,684.8439,1,685.3354,728450,1,784.4031,538584,1,1114.5172,1505070,55.0598,questionable ,Eric's best guess is the addition of C4H7 (very labile),formula:C4H7 ??,mzspec:PXD999005:250402_mEclipse_QC_ncORF-089:scan:3690:{+55.0548}AQDSQVLEEER[Label:13C(6)15N(4)]/2
250402_mEclipse_QC_ncORF-089,3422,684.8523,2,685.3355,40891,1,784.4029,29171,1,1114.522,2013,55.0766,,,,
250402_mEclipse_QC_ncORF-089,3661,685.3392,2,685.3364,49479,1,784.4032,27749,1,1114.5184,48044,56.0504,,,,
250402_mEclipse_QC_ncORF-089,4088,685.3425,4,685.3356,17244,1,784.4029,3463,1,1114.5195,9288,56.057,,,,
250402_mEclipse_QC_ncORF-089,3889,685.3455,2,685.3068,194902,1,784.4031,5775,1,1114.5188,8379,56.063,,,,
250402_mEclipse_QC_ncORF-089,2801,685.7742,2,685.3353,412116,1,784.4033,96266,1,1114.515,2284,56.9204,,,,
250402_mEclipse_QC_ncORF-089,3879,685.8464,2,685.3069,136739,1,784.4036,7649,1,1114.5189,10304,57.0648,questionable ,,it is not 1048 Ala->lys,
250402_mEclipse_QC_ncORF-089,2902,686.2668,1,685.3356,23496,1,784.4031,30025,1,1114.5214,881,57.9056,,,,
250402_mEclipse_QC_ncORF-089,3109,686.2995,1,685.3353,29133,1,784.4035,24973,1,1114.5175,1752,57.971,,,,
250402_mEclipse_QC_ncORF-089,3737,686.8035,1,685.3355,4532,1,784.4043,2926,1,1114.5167,1382,58.979,,,,
250402_mEclipse_QC_ncORF-089,3100,686.8119,1,685.3353,35730,1,784.403,29498,1,1114.5189,1686,58.9958,,,,
250402_mEclipse_QC_ncORF-089,3928,686.8165,1,685.3355,16147,2,784.4034,12153,1,1114.519,11681,59.005,questionable ,,it is not carboxymethyl + deamidation,
250402_mEclipse_QC_ncORF-089,2269,686.8304,1,685.3356,5654,1,784.4042,3810,1,1114.5184,7964,59.0328,,,,
250402_mEclipse_QC_ncORF-089,3704,687.3068,1,685.3362,8096,1,784.4019,3116,1,1114.5151,1801,59.9856,,,,
250402_mEclipse_QC_ncORF-089,2201,688.272,1,685.3342,1054,1,784.404,2204,1,1114.5111,902,61.916,,,,
250402_mEclipse_QC_ncORF-089,2825,689.7747,1,685.3347,43455,1,784.4023,49597,1,1114.5278,1217,64.9214,,,,
250402_mEclipse_QC_ncORF-089,3117,692.7808,1,685.3359,3776,2,784.4029,1690,1,1114.5223,1078,70.9336,,,,
250402_mEclipse_QC_ncORF-089,2804,692.8128,2,685.3358,82743,2,784.4037,46949,1,1114.5186,49711,70.9976,questionable ,definitely includes propionamide but mass is very off. tried lys -> gln but didn't work,,mzspec:PXD999005:250402_mEclipse_QC_ncORF-089:scan:2804:AQDSQVLEEER[Label:13C(6)15N(4)][propionamide]/2
250402_mEclipse_QC_ncORF-089,3280,692.8134,1,685.3354,3102,1,784.4053,3330,1,1114.5172,3760,70.9988,,some combination,,
250402_mEclipse_QC_ncORF-089,3026,692.8154,2,685.3359,21443,1,784.404,9714,1,1114.5228,3507,71.0028,,,,
250402_mEclipse_QC_ncORF-089,2952,692.8224,1,685.3356,27253,1,784.4037,17458,1,1114.5187,12683,71.0168,,,,
250402_mEclipse_QC_ncORF-089,2810,692.8316,1,685.3361,210796,1,784.4041,127044,1,1114.5195,158652,71.0352,high,mixture of n-term and c-term,24 propionamide,mzspec:PXD999005:250402_mEclipse_QC_ncORF-089:scan:2810:AQDSQVLEEER[Label:13C(6)15N(4)][Propionamide]/2
250402_mEclipse_QC_ncORF-089,2988,693.3123,1,685.3357,10629,1,784.4038,6262,1,1114.5189,4017,71.9966,,0.0376,,
250402_mEclipse_QC_ncORF-089,3248,693.3143,1,685.3348,2963,1,784.4033,1484,1,1114.4716,1037,72.0006,,,,
250402_mEclipse_QC_ncORF-089,2930,693.325,1,685.336,40603,1,784.4038,26242,1,1114.5188,14775,72.022,high,still one missing b ion. mixture of n-term and c-term. deamidation can be on either q,24 propionamide + deamidation,mzspec:PXD999005:250402_mEclipse_QC_ncORF-089:scan:2930:AQDSQ[deamidated]VLEEER[Label:13C(6)15N(4)][propionamide]/2
250402_mEclipse_QC_ncORF-089,3161,693.3414,1,685.3356,6794,1,784.4029,3524,1,1114.522,1063,72.0548,,,,
250402_mEclipse_QC_ncORF-089,4463,694.7875,1,685.3354,10120,1,784.4034,7212,1,1114.5188,13866,74.947,,,,
250402_mEclipse_QC_ncORF-089,3626,694.8056,1,685.3356,9176,1,784.4025,5320,1,1114.5175,2713,74.9832,,,,
250402_mEclipse_QC_ncORF-089,3472,696.7894,1,685.3357,38460,1,784.4036,27741,1,1114.5188,70869,78.9508,,likely amidated ver. of 179,it is not 2130 cys->sulfo-fGly-dio?,
250402_mEclipse_QC_ncORF-089,3444,697.2911,1,685.3354,282570,1,784.4033,213663,1,1114.5183,476311,79.9542,high,,40 sulfo,mzspec:PXD999005:250402_mEclipse_QC_ncORF-089:scan:3444:{sulfo}AQDSQVLEEER[Label:13C(6)15N(4)]/2
250402_mEclipse_QC_ncORF-089,4445,697.2913,1,685.3355,5343,1,784.4025,2547,1,1114.5188,5317,79.9546,,additional mass came flying off,,
250402_mEclipse_QC_ncORF-089,4271,697.2917,1,685.3354,12135,1,784.4029,8786,1,1114.5186,19344,79.9554,high,,40 sulfo,
250402_mEclipse_QC_ncORF-089,3692,697.3254,1,685.3354,5633,1,784.403,3491,1,1114.5183,1454,80.0228,,,,
250402_mEclipse_QC_ncORF-089,3319,700.3502,1,685.3359,2640,1,784.4033,2166,1,1114.5228,2108,86.0724,,,,
250402_mEclipse_QC_ncORF-089,2832,700.8299,2,685.3357,119788,1,784.4034,76660,1,1114.5228,1934,87.0318,,,,
250402_mEclipse_QC_ncORF-089,4287,702.8361,1,685.3353,2991,1,784.4024,1795,1,1114.5215,1265,91.0442,,,,
250402_mEclipse_QC_ncORF-089,3073,703.327,1,685.3358,17478,1,784.403,15205,1,1114.5189,53492,92.026,questionable ,"mass is very close, but still some unexplained b-ions",1054 ala -> tyr,mzspec:PXD999005:250402_mEclipse_QC_ncORF-089:scan:3073:A[Ala->Tyr]QDSQVLEEER[Label:13C(6)15N(4)]/2
250402_mEclipse_QC_ncORF-089,4192,705.3043,1,685.3358,17854,1,784.4032,12705,1,1114.522,1749,95.9806,,,,
250402_mEclipse_QC_ncORF-089,4295,705.8043,1,685.3356,8980,1,784.4036,8735,1,1114.5184,19061,96.9806,,,not maleimide,
250402_mEclipse_QC_ncORF-089,3452,705.8044,1,685.3351,24556,1,784.4028,17375,1,1114.5178,34798,96.9808,questionable ,likely combination,,could be acetald + 181
250402_mEclipse_QC_ncORF-089,3065,705.8224,1,685.3355,6072,1,784.4031,4318,1,1114.5215,2507,97.0168,,likely has acetald,,
250402_mEclipse_QC_ncORF-089,2186,706.2728,1,685.3344,6660,1,784.4033,6329,1,1114.5186,6760,97.9176,,,,
250402_mEclipse_QC_ncORF-089,2867,706.2737,1,685.3354,43148,1,784.4036,29391,1,1114.515,2468,97.9194,,,,
250402_mEclipse_QC_ncORF-089,2198,706.299,1,685.3353,11558,1,784.4027,6154,1,1114.5186,7068,97.97,,,,
250402_mEclipse_QC_ncORF-089,3001,706.3564,1,685.3353,18023,1,784.4028,10139,1,1114.5249,1868,98.0848,,,,
250402_mEclipse_QC_ncORF-089,2897,706.7676,1,685.3358,32227,1,784.4038,20749,1,1114.5187,1150,98.9072,,,,
250402_mEclipse_QC_ncORF-089,3007,706.7762,1,685.3356,18191,1,784.403,8824,1,1114.5192,2901,98.9244,,,,
250402_mEclipse_QC_ncORF-089,3308,706.8485,1,685.335,5567,1,784.4033,18827,1,1114.5182,4559,99.069,,,,
250402_mEclipse_QC_ncORF-089,3654,710.3076,1,685.3354,5814,1,784.4042,4530,1,1114.5186,4073,105.9872,,,,
250402_mEclipse_QC_ncORF-089,3330,714.8274,1,685.3355,13053,1,784.4032,8192,1,1114.5189,6165,115.0268,,,,
250402_mEclipse_QC_ncORF-089,2951,714.8286,1,685.3357,52365,1,784.4037,36393,1,1114.5197,30509,115.0292,,,,
250402_mEclipse_QC_ncORF-089,3445,716.2646,1,685.3367,982,1,784.4042,1633,1,1114.5167,1184,117.9012,,,,
250402_mEclipse_QC_ncORF-089,3888,717.3177,1,685.3359,8838,1,784.4037,8189,1,1114.5189,19405,120.0074,,,,
250402_mEclipse_QC_ncORF-089,2813,721.3447,1,685.3351,239356,1,784.4026,154094,1,1114.5176,10938,128.0614,,,,
250402_mEclipse_QC_ncORF-089,2895,721.8358,1,685.3359,7965,1,784.4037,5360,1,1114.5189,2818,129.0436,,,,
250402_mEclipse_QC_ncORF-089,2834,721.8432,1,685.3356,52624,1,784.4032,35484,1,1114.5188,5360,129.0584,,,,
250402_mEclipse_QC_ncORF-089,2849,833.7297,1,685.3353,23231,1,784.4032,13533,1,1114.5187,30114,352.8314,,,,
250402_mEclipse_QC_ncORF-089,2876,834.0632,1,685.3355,15083,1,784.4033,8576,1,1114.5189,4929,353.4984,,,,
250402_mEclipse_QC_ncORF-089,2847,846.0443,1,685.335,2789,1,784.4027,2178,1,1114.5188,1393,377.4606,,,,
250402_mEclipse_QC_ncORF-089,2762,876.0841,1,685.3362,613320,1,784.4045,440635,1,1114.5195,1049095,437.5402,,,,
250402_mEclipse_QC_ncORF-089,2889,876.4073,1,685.3358,56854,1,784.4039,39123,1,1114.5194,50406,438.1866,,,,
250402_mEclipse_QC_ncORF-089,2770,876.4175,1,685.3356,1252962,1,784.4036,914046,1,1114.5188,2102782,438.207,,,,
250402_mEclipse_QC_ncORF-089,2886,876.7429,1,685.3356,73128,1,784.4036,54771,1,1114.5183,57367,438.8578,,,,
250402_mEclipse_QC_ncORF-089,2766,876.7525,1,685.3359,994088,1,784.4039,691850,1,1114.5192,1660424,438.877,,,,
250402_mEclipse_QC_ncORF-089,2798,888.7319,2,685.3354,3032,1,784.4026,2999,1,1114.5176,5760,462.8358,,,,
250402_mEclipse_QC_ncORF-089,2803,889.0688,2,685.3353,5137,1,784.4032,3471,1,1114.5192,9594,463.5096,,,,
250402_mEclipse_QC_ncORF-089,2882,889.3899,1,685.3352,2753,1,784.4038,2302,1,1114.5194,2243,464.1518,,,,
250402_mEclipse_QC_ncORF-089,2826,889.4001,1,685.3345,1776,1,784.4046,1077,1,1114.5183,3030,464.1722,,,,
250402_mEclipse_QC_ncORF-089,2824,899.7609,1,685.3353,19706,1,784.4028,13763,1,1114.5184,27959,484.8938,,,,
250402_mEclipse_QC_ncORF-089,2791,1312.6202,1,685.3364,51852,1,784.4055,45257,1,1114.5201,132209,1310.6124,,,,
250402_mEclipse_QC_ncORF-089,2874,1313.6177,1,685.3358,3186,1,784.4053,3571,1,1114.5201,10390,1312.6074,,,,
250402_mEclipse_QC_ncORF-089,2793,1313.9573,1,685.336,40894,1,784.4048,36834,1,1114.5206,96299,1313.2866,,,,
250402_mEclipse_QC_ncORF-089,2775,1314.1254,1,685.3364,471478,1,784.4042,335992,1,1114.5204,887893,1313.6228,,,,
